{"TargetX":[441.26214599609375,599.6917724609375,599.81787109375,440.8913269042969,281.9197692871094,282.5846862792969,283.23583984375,442.10882568359375,600.0866088867188,441.2622375488281,441.2622375488281],"TargetY":[588.7904052734375,589.2559814453125,747.0592651367188,746.8821411132812,746.3711547851562,588.2877807617188,430.1087646484375,430.8300476074219,431.0924072265625,588.7907104492188,588.7907104492188],"TargetTheta":[0,0,0,0,0,0,0,0,0,-15,15],"TargetValid":[1,1,1,1,1,1,1,1,1,1,1],"RobotX":[315.804993,325.804993,325.804993,315.804993,305.803986,305.804993,305.804993,315.803986,325.803986,315.804993,315.804993],"RobotY":[478.575012,478.575012,488.575989,488.575989,488.575989,478.575989,468.575989,468.575989,468.575989,478.575012,478.575012],"RobotTheta":[0,0,0,0,0,0,0,0,0,-15,15],"Count":11,"isMoving":1}