{"TargetX":[544.7644653320312,703.451416015625,702.5414428710938,544.0423583984375,384.81878662109375,385.6932678222656,386.1889343261719,545.4129638671875,704.0601196289062,544.764404296875,544.764404296875],"TargetY":[613.7706909179688,613.7264404296875,455.1460876464844,455.4271545410156,455.3367919921875,613.9185180664062,772.6555786132812,772.5682983398438,772.1270751953125,613.7710571289062,613.7710571289062],"TargetTheta":[0,0,0,0,0,0,0,0,0,-15,15],"TargetValid":[1,1,1,1,1,1,1,1,1,1,1],"RobotX":[254.692001,264.691986,264.691986,254.692001,244.692993,244.692001,244.692001,254.692001,264.692993,254.692001,254.692001],"RobotY":[482.64801,482.647003,492.64801,492.64801,492.64801,482.64801,472.64801,472.64801,472.64801,482.64801,482.64801],"RobotTheta":[0,0,0,0,0,0,0,0,0,-15,15],"Count":11,"isMoving":1}